"STRUCTURE","STRUCTURE_ID","ACTION","FREQ","REF_AREA","INDICATOR","SEX","AGE","URBANISATION","UNIT_MEASURE","COMP_BREAKDOWN_1","COMP_BREAKDOWN_2","COMP_BREAKDOWN_3","TIME_PERIOD","OBS_VALUE","AGG_METHOD","UNIT_TYPE","DECIMALS","DATABASE_ID","TIME_FORMAT","COMMENT_TS","COMMENT_OBS","UNIT_MULT","OBS_STATUS","OBS_CONF","FREQ_LABEL","REF_AREA_LABEL","INDICATOR_LABEL","SEX_LABEL","AGE_LABEL","URBANISATION_LABEL","UNIT_MEASURE_LABEL","COMP_BREAKDOWN_1_LABEL","COMP_BREAKDOWN_2_LABEL","COMP_BREAKDOWN_3_LABEL","AGG_METHOD_LABEL","UNIT_TYPE_LABEL","DECIMALS_LABEL","DATABASE_ID_LABEL","TIME_FORMAT_LABEL","UNIT_MULT_LABEL","OBS_STATUS_LABEL","OBS_CONF_LABEL"
"datastructure","WB.DATA360:DS_DATA360(1.3)","I","A","KEN","AG_SD_HH_PD","_Z","_Z","_Z","PT","_Z","_Z","_Z","2016","30.6950256689596","_Z","NUMBER","2","WB_AGCI","602","Survey year range: 2015–2016","Number of Households: 10772","0","A","PU","Annual","Kenya","Average Sold Percentage of Household Agricultural Production","Not applicable","Not applicable","Not applicable","Percentage","Not Applicable","Not Applicable","Not Applicable","Not Applicable","Number (real number)","Two","AgriConnect Indicators","CCYY","Units","Normal value","Public"
"datastructure","WB.DATA360:DS_DATA360(1.3)","I","A","MLI","AG_SD_HH_PD","_Z","_Z","_Z","PT","_Z","_Z","_Z","2022","81.8685939929953","_Z","NUMBER","2","WB_AGCI","602","Survey year range: 2021–2022","Number of Households: 977","0","A","PU","Annual","Mali","Average Sold Percentage of Household Agricultural Production","Not applicable","Not applicable","Not applicable","Percentage","Not Applicable","Not Applicable","Not Applicable","Not Applicable","Number (real number)","Two","AgriConnect Indicators","CCYY","Units","Normal value","Public"
"datastructure","WB.DATA360:DS_DATA360(1.3)","I","A","NER","AG_SD_HH_PD","_Z","_Z","_Z","PT","_Z","_Z","_Z","2014","9.74361281400899","_Z","NUMBER","2","WB_AGCI","602","Survey year range: 2014","Number of Households: 3437","0","A","PU","Annual","Niger","Average Sold Percentage of Household Agricultural Production","Not applicable","Not applicable","Not applicable","Percentage","Not Applicable","Not Applicable","Not Applicable","Not Applicable","Number (real number)","Two","AgriConnect Indicators","CCYY","Units","Normal value","Public"
"datastructure","WB.DATA360:DS_DATA360(1.3)","I","A","SEN","AG_SD_HH_PD","_Z","_Z","_Z","PT","_Z","_Z","_Z","2022","34.313241680949","_Z","NUMBER","2","WB_AGCI","602","Survey year range: 2021–2022","Number of Households: 2121","0","A","PU","Annual","Senegal","Average Sold Percentage of Household Agricultural Production","Not applicable","Not applicable","Not applicable","Percentage","Not Applicable","Not Applicable","Not Applicable","Not Applicable","Number (real number)","Two","AgriConnect Indicators","CCYY","Units","Normal value","Public"
"datastructure","WB.DATA360:DS_DATA360(1.3)","I","A","TGO","AG_SD_HH_PD","_Z","_Z","_Z","PT","_Z","_Z","_Z","2022","46.6842645923935","_Z","NUMBER","2","WB_AGCI","602","Survey year range: 2021–2022","Number of Households: 3596","0","A","PU","Annual","Togo","Average Sold Percentage of Household Agricultural Production","Not applicable","Not applicable","Not applicable","Percentage","Not Applicable","Not Applicable","Not Applicable","Not Applicable","Number (real number)","Two","AgriConnect Indicators","CCYY","Units","Normal value","Public"
"datastructure","WB.DATA360:DS_DATA360(1.3)","I","A","_T","AG_INF_SD","_Z","_Z","_Z","PT_HH","_Z","_Z","_Z","2024","35.7241852860468","_Z","NUMBER","2","WB_AGCI","602","Survey year range: nan","Number of Households: 111637","0","A","PU","Annual","Overall","Percentage of Agricultural Households using Inorganic Fertilizer","Not applicable","Not applicable","Not applicable","Percentage of households","Not Applicable","Not Applicable","Not Applicable","Not Applicable","Number (real number)","Two","AgriConnect Indicators","CCYY","Units","Normal value","Public"
"datastructure","WB.DATA360:DS_DATA360(1.3)","I","A","AGO","AG_INF_SD","_Z","_Z","_Z","PT_HH","_Z","_Z","_Z","2018","16.9100083633756","_Z","NUMBER","2","WB_AGCI","602","Survey year range: 2018","Number of Households: 1060","0","A","PU","Annual","Angola","Percentage of Agricultural Households using Inorganic Fertilizer","Not applicable","Not applicable","Not applicable","Percentage of households","Not Applicable","Not Applicable","Not Applicable","Not Applicable","Number (real number)","Two","AgriConnect Indicators","CCYY","Units","Normal value","Public"
"datastructure","WB.DATA360:DS_DATA360(1.3)","I","A","BEN","AG_INF_SD","_Z","_Z","_Z","PT_HH","_Z","_Z","_Z","2024","53.7925956713085","_Z","NUMBER","2","WB_AGCI","602","Survey year range: 2021-22","Number of Households: 3687","0","A","PU","Annual","Benin","Percentage of Agricultural Households using Inorganic Fertilizer","Not applicable","Not applicable","Not applicable","Percentage of households","Not Applicable","Not Applicable","Not Applicable","Not Applicable","Number (real number)","Two","AgriConnect Indicators","CCYY","Units","Normal value","Public"
"datastructure","WB.DATA360:DS_DATA360(1.3)","I","A","BFA","AG_INF_SD","_Z","_Z","_Z","PT_HH","_Z","_Z","_Z","2019","64.0740832815413","_Z","NUMBER","2","WB_AGCI","602","Survey year range: 2018–2019","Number of Households: 4359","0","A","PU","Annual","Burkina Faso","Percentage of Agricultural Households using Inorganic Fertilizer","Not applicable","Not applicable","Not applicable","Percentage of households","Not Applicable","Not Applicable","Not Applicable","Not Applicable","Number (real number)","Two","AgriConnect Indicators","CCYY","Units","Normal value","Public"
"datastructure","WB.DATA360:DS_DATA360(1.3)","I","A","BWA","AG_INF_SD","_Z","_Z","_Z","PT_HH","_Z","_Z","_Z","2016","1.83168718836973","_Z","NUMBER","2","WB_AGCI","602","Survey year range: 2015–2016","Number of Households: 780","0","A","PU","Annual","Botswana","Percentage of Agricultural Households using Inorganic Fertilizer","Not applicable","Not applicable","Not applicable","Percentage of households","Not Applicable","Not Applicable","Not Applicable","Not Applicable","Number (real number)","Two","AgriConnect Indicators","CCYY","Units","Normal value","Public"
"datastructure","WB.DATA360:DS_DATA360(1.3)","I","A","CIV","AG_INF_SD","_Z","_Z","_Z","PT_HH","_Z","_Z","_Z","2022","26.070899469128","_Z","NUMBER","2","WB_AGCI","602","Survey year range: 2021–2022","Number of Households: 7566","0","A","PU","Annual","Côte d’Ivoire","Percentage of Agricultural Households using Inorganic Fertilizer","Not applicable","Not applicable","Not applicable","Percentage of households","Not Applicable","Not Applicable","Not Applicable","Not Applicable","Number (real number)","Two","AgriConnect Indicators","CCYY","Units","Normal value","Public"
"datastructure","WB.DATA360:DS_DATA360(1.3)","I","A","COM","AG_INF_SD","_Z","_Z","_Z","PT_HH","_Z","_Z","_Z","2004","0.898587933247754","_Z","NUMBER","2","WB_AGCI","602","Survey year range: 2004","Number of Households: 779","0","A","PU","Annual","Comoros","Percentage of Agricultural Households using Inorganic Fertilizer","Not applicable","Not applicable","Not applicable","Percentage of households","Not Applicable","Not Applicable","Not Applicable","Not Applicable","Number (real number)","Two","AgriConnect Indicators","CCYY","Units","Normal value","Public"
"datastructure","WB.DATA360:DS_DATA360(1.3)","I","A","DJI","AG_INF_SD","_Z","_Z","_Z","PT_HH","_Z","_Z","_Z","2017","6.47847102216412","_Z","NUMBER","2","WB_AGCI","602","Survey year range: 2017","Number of Households: 124","0","A","PU","Annual","Djibouti","Percentage of Agricultural Households using Inorganic Fertilizer","Not applicable","Not applicable","Not applicable","Percentage of households","Not Applicable","Not Applicable","Not Applicable","Not Applicable","Number (real number)","Two","AgriConnect Indicators","CCYY","Units","Normal value","Public"
"datastructure","WB.DATA360:DS_DATA360(1.3)","I","A","ETH","AG_INF_SD","_Z","_Z","_Z","PT_HH","_Z","_Z","_Z","2022","69.3714898568545","_Z","NUMBER","2","WB_AGCI","602","Survey year range: 2021–2022","Number of Households: 1545","0","A","PU","Annual","Ethiopia","Percentage of Agricultural Households using Inorganic Fertilizer","Not applicable","Not applicable","Not applicable","Percentage of households","Not Applicable","Not Applicable","Not Applicable","Not Applicable","Number (real number)","Two","AgriConnect Indicators","CCYY","Units","Normal value","Public"
"datastructure","WB.DATA360:DS_DATA360(1.3)","I","A","GHA","AG_INF_SD","_Z","_Z","_Z","PT_HH","_Z","_Z","_Z","2019","31.7329825715225","_Z","NUMBER","2","WB_AGCI","602","Survey year range: 2018–2019","Number of Households: 3041","0","A","PU","Annual","Ghana","Percentage of Agricultural Households using Inorganic Fertilizer","Not applicable","Not applicable","Not applicable","Percentage of households","Not Applicable","Not Applicable","Not Applicable","Not Applicable","Number (real number)","Two","AgriConnect Indicators","CCYY","Units","Normal value","Public"
"datastructure","WB.DATA360:DS_DATA360(1.3)","I","A","GIN","AG_INF_SD","_Z","_Z","_Z","PT_HH","_Z","_Z","_Z","2018","14.9109669486663","_Z","NUMBER","2","WB_AGCI","602","Survey year range: 2018","Number of Households: 3187","0","A","PU","Annual","Guinea","Percentage of Agricultural Households using Inorganic Fertilizer","Not applicable","Not applicable","Not applicable","Percentage of households","Not Applicable","Not Applicable","Not Applicable","Not Applicable","Number (real number)","Two","AgriConnect Indicators","CCYY","Units","Normal value","Public"
"datastructure","WB.DATA360:DS_DATA360(1.3)","I","A","GMB","AG_INF_SD","_Z","_Z","_Z","PT_HH","_Z","_Z","_Z","2015","47.8093478868473","_Z","NUMBER","2","WB_AGCI","602","Survey year range: 2015","Number of Households: 9869","0","A","PU","Annual","Gambia, The","Percentage of Agricultural Households using Inorganic Fertilizer","Not applicable","Not applicable","Not applicable","Percentage of households","Not Applicable","Not Applicable","Not Applicable","Not Applicable","Number (real number)","Two","AgriConnect Indicators","CCYY","Units","Normal value","Public"
"datastructure","WB.DATA360:DS_DATA360(1.3)","I","A","GNB","AG_INF_SD","_Z","_Z","_Z","PT_HH","_Z","_Z","_Z","2022","7.2668295231968","_Z","NUMBER","2","WB_AGCI","602","Survey year range: 2021–2022","Number of Households: 3579","0","A","PU","Annual","Guinea-Bissau","Percentage of Agricultural Households using Inorganic Fertilizer","Not applicable","Not applicable","Not applicable","Percentage of households","Not Applicable","Not Applicable","Not Applicable","Not Applicable","Number (real number)","Two","AgriConnect Indicators","CCYY","Units","Normal value","Public"
"datastructure","WB.DATA360:DS_DATA360(1.3)","I","A","KEN","AG_INF_SD","_Z","_Z","_Z","PT_HH","_Z","_Z","_Z","2016","50.4968660505575","_Z","NUMBER","2","WB_AGCI","602","Survey year range: 2015–2016","Number of Households: 11581","0","A","PU","Annual","Kenya","Percentage of Agricultural Households using Inorganic Fertilizer","Not applicable","Not applicable","Not applicable","Percentage of households","Not Applicable","Not Applicable","Not Applicable","Not Applicable","Number (real number)","Two","AgriConnect Indicators","CCYY","Units","Normal value","Public"
"datastructure","WB.DATA360:DS_DATA360(1.3)","I","A","LBR","AG_INF_SD","_Z","_Z","_Z","PT_HH","_Z","_Z","_Z","2016","3.0891744275048","_Z","NUMBER","2","WB_AGCI","602","Survey year range: 2016","Number of Households: 3240","0","A","PU","Annual","Liberia","Percentage of Agricultural Households using Inorganic Fertilizer","Not applicable","Not applicable","Not applicable","Percentage of households","Not Applicable","Not Applicable","Not Applicable","Not Applicable","Number (real number)","Two","AgriConnect Indicators","CCYY","Units","Normal value","Public"
"datastructure","WB.DATA360:DS_DATA360(1.3)","I","A","MDG","AG_INF_SD","_Z","_Z","_Z","PT_HH","_Z","_Z","_Z","2022","11.1039854863621","_Z","NUMBER","2","WB_AGCI","602","Survey year range: 2021–2022","Number of Households: 8146","0","A","PU","Annual","Madagascar","Percentage of Agricultural Households using Inorganic Fertilizer","Not applicable","Not applicable","Not applicable","Percentage of households","Not Applicable","Not Applicable","Not Applicable","Not Applicable","Number (real number)","Two","AgriConnect Indicators","CCYY","Units","Normal value","Public"
"datastructure","WB.DATA360:DS_DATA360(1.3)","I","A","MLI","AG_INF_SD","_Z","_Z","_Z","PT_HH","_Z","_Z","_Z","2022","50.7117559575276","_Z","NUMBER","2","WB_AGCI","602","Survey year range: 2021–2022","Number of Households: 2857","0","A","PU","Annual","Mali","Percentage of Agricultural Households using Inorganic Fertilizer","Not applicable","Not applicable","Not applicable","Percentage of households","Not Applicable","Not Applicable","Not Applicable","Not Applicable","Number (real number)","Two","AgriConnect Indicators","CCYY","Units","Normal value","Public"
"datastructure","WB.DATA360:DS_DATA360(1.3)","I","A","MWI","AG_INF_SD","_Z","_Z","_Z","PT_HH","_Z","_Z","_Z","2020","76.4258339016515","_Z","NUMBER","2","WB_AGCI","602","Survey year range: 2019–2020","Number of Households: 2333","0","A","PU","Annual","Malawi","Percentage of Agricultural Households using Inorganic Fertilizer","Not applicable","Not applicable","Not applicable","Percentage of households","Not Applicable","Not Applicable","Not Applicable","Not Applicable","Number (real number)","Two","AgriConnect Indicators","CCYY","Units","Normal value","Public"
"datastructure","WB.DATA360:DS_DATA360(1.3)","I","A","NER","AG_INF_SD","_Z","_Z","_Z","PT_HH","_Z","_Z","_Z","2014","12.2138461784856","_Z","NUMBER","2","WB_AGCI","602","Survey year range: 2014","Number of Households: 3468","0","A","PU","Annual","Niger","Percentage of Agricultural Households using Inorganic Fertilizer","Not applicable","Not applicable","Not applicable","Percentage of households","Not Applicable","Not Applicable","Not Applicable","Not Applicable","Number (real number)","Two","AgriConnect Indicators","CCYY","Units","Normal value","Public"
"datastructure","WB.DATA360:DS_DATA360(1.3)","I","A","NGA","AG_INF_SD","_Z","_Z","_Z","PT_HH","_Z","_Z","_Z","2024","37.8379457258334","_Z","NUMBER","2","WB_AGCI","602","Survey year range: 2023–2024","Number of Households: 2549","0","A","PU","Annual","Nigeria","Percentage of Agricultural Households using Inorganic Fertilizer","Not applicable","Not applicable","Not applicable","Percentage of households","Not Applicable","Not Applicable","Not Applicable","Not Applicable","Number (real number)","Two","AgriConnect Indicators","CCYY","Units","Normal value","Public"
"datastructure","WB.DATA360:DS_DATA360(1.3)","I","A","RWA","AG_INF_SD","_Z","_Z","_Z","PT_HH","_Z","_Z","_Z","2022","43.7404997871952","_Z","NUMBER","2","WB_AGCI","602","Survey year range: 2022","Number of Households: 16447","0","A","PU","Annual","Rwanda","Percentage of Agricultural Households using Inorganic Fertilizer","Not applicable","Not applicable","Not applicable","Percentage of households","Not Applicable","Not Applicable","Not Applicable","Not Applicable","Number (real number)","Two","AgriConnect Indicators","CCYY","Units","Normal value","Public"
"datastructure","WB.DATA360:DS_DATA360(1.3)","I","A","SEN","AG_INF_SD","_Z","_Z","_Z","PT_HH","_Z","_Z","_Z","2022","41.8215150524122","_Z","NUMBER","2","WB_AGCI","602","Survey year range: 2021–2022","Number of Households: 2650","0","A","PU","Annual","Senegal","Percentage of Agricultural Households using Inorganic Fertilizer","Not applicable","Not applicable","Not applicable","Percentage of households","Not Applicable","Not Applicable","Not Applicable","Not Applicable","Number (real number)","Two","AgriConnect Indicators","CCYY","Units","Normal value","Public"
"datastructure","WB.DATA360:DS_DATA360(1.3)","I","A","SLE","AG_INF_SD","_Z","_Z","_Z","PT_HH","_Z","_Z","_Z","2023","9.17835516994873","_Z","NUMBER","2","WB_AGCI","602","Survey year range: 2023","Number of Households: 4844","0","A","PU","Annual","Sierra Leone","Percentage of Agricultural Households using Inorganic Fertilizer","Not applicable","Not applicable","Not applicable","Percentage of households","Not Applicable","Not Applicable","Not Applicable","Not Applicable","Number (real number)","Two","AgriConnect Indicators","CCYY","Units","Normal value","Public"
"datastructure","WB.DATA360:DS_DATA360(1.3)","I","A","TCD","AG_INF_SD","_Z","_Z","_Z","PT_HH","_Z","_Z","_Z","2010","4.69572857263716","_Z","NUMBER","2","WB_AGCI","602","Survey year range: 2010","Number of Households: 4386","0","A","PU","Annual","Chad","Percentage of Agricultural Households using Inorganic Fertilizer","Not applicable","Not applicable","Not applicable","Percentage of households","Not Applicable","Not Applicable","Not Applicable","Not Applicable","Number (real number)","Two","AgriConnect Indicators","CCYY","Units","Normal value","Public"
"datastructure","WB.DATA360:DS_DATA360(1.3)","I","A","TGO","AG_INF_SD","_Z","_Z","_Z","PT_HH","_Z","_Z","_Z","2022","57.7402998412756","_Z","NUMBER","2","WB_AGCI","602","Survey year range: 2021–2022","Number of Households: 3771","0","A","PU","Annual","Togo","Percentage of Agricultural Households using Inorganic Fertilizer","Not applicable","Not applicable","Not applicable","Percentage of households","Not Applicable","Not Applicable","Not Applicable","Not Applicable","Number (real number)","Two","AgriConnect Indicators","CCYY","Units","Normal value","Public"
"datastructure","WB.DATA360:DS_DATA360(1.3)","I","A","TZA","AG_INF_SD","_Z","_Z","_Z","PT_HH","_Z","_Z","_Z","2021","15.9961076970352","_Z","NUMBER","2","WB_AGCI","602","Survey year range: 2020–2021","Number of Households: 3316","0","A","PU","Annual","Tanzania","Percentage of Agricultural Households using Inorganic Fertilizer","Not applicable","Not applicable","Not applicable","Percentage of households","Not Applicable","Not Applicable","Not Applicable","Not Applicable","Number (real number)","Two","AgriConnect Indicators","CCYY","Units","Normal value","Public"
"datastructure","WB.DATA360:DS_DATA360(1.3)","I","A","UGA","AG_INF_SD","_Z","_Z","_Z","PT_HH","_Z","_Z","_Z","2020","6.9849106842277","_Z","NUMBER","2","WB_AGCI","602","Survey year range: 2019–2020","Number of Households: 2473","0","A","PU","Annual","Uganda","Percentage of Agricultural Households using Inorganic Fertilizer","Not applicable","Not applicable","Not applicable","Percentage of households","Not Applicable","Not Applicable","Not Applicable","Not Applicable","Number (real number)","Two","AgriConnect Indicators","CCYY","Units","Normal value","Public"
"datastructure","WB.DATA360:DS_DATA360(1.3)","I","A","_T","AG_HH_PD_V","_Z","_Z","_Z","USD","_Z","_Z","_Z","2024","237.165086674589","_Z","NUMBER","2","WB_AGCI","602","Survey year range: nan","Number of Households: 27684","0","A","PU","Annual","Overall","Median Agricultural Household Production Value","Not applicable","Not applicable","Not applicable","US dollars","Not Applicable","Not Applicable","Not Applicable","Not Applicable","Number (real number)","Two","AgriConnect Indicators","CCYY","Units","Normal value","Public"
"datastructure","WB.DATA360:DS_DATA360(1.3)","I","A","ETH","AG_HH_PD_V","_Z","_Z","_Z","USD","_Z","_Z","_Z","2022","443.327165517547","_Z","NUMBER","2","WB_AGCI","602","Survey year range: 2021–2022","Number of Households: 1917","0","A","PU","Annual","Ethiopia","Median Agricultural Household Production Value","Not applicable","Not applicable","Not applicable","US dollars","Not Applicable","Not Applicable","Not Applicable","Not Applicable","Number (real number)","Two","AgriConnect Indicators","CCYY","Units","Normal value","Public"
"datastructure","WB.DATA360:DS_DATA360(1.3)","I","A","KEN","AG_HH_PD_V","_Z","_Z","_Z","USD","_Z","_Z","_Z","2016","139.33591362803","_Z","NUMBER","2","WB_AGCI","602","Survey year range: 2015–2016","Number of Households: 11341","0","A","PU","Annual","Kenya","Median Agricultural Household Production Value","Not applicable","Not applicable","Not applicable","US dollars","Not Applicable","Not Applicable","Not Applicable","Not Applicable","Number (real number)","Two","AgriConnect Indicators","CCYY","Units","Normal value","Public"
"datastructure","WB.DATA360:DS_DATA360(1.3)","I","A","LBR","AG_HH_PD_V","_Z","_Z","_Z","USD","_Z","_Z","_Z","2016","265.067536853451","_Z","NUMBER","2","WB_AGCI","602","Survey year range: 2016","Number of Households: 2797","0","A","PU","Annual","Liberia","Median Agricultural Household Production Value","Not applicable","Not applicable","Not applicable","US dollars","Not Applicable","Not Applicable","Not Applicable","Not Applicable","Number (real number)","Two","AgriConnect Indicators","CCYY","Units","Normal value","Public"
"datastructure","WB.DATA360:DS_DATA360(1.3)","I","A","MWI","AG_HH_PD_V","_Z","_Z","_Z","USD","_Z","_Z","_Z","2020","78.660281058571","_Z","NUMBER","2","WB_AGCI","602","Survey year range: 2019–2020","Number of Households: 2419","0","A","PU","Annual","Malawi","Median Agricultural Household Production Value","Not applicable","Not applicable","Not applicable","US dollars","Not Applicable","Not Applicable","Not Applicable","Not Applicable","Number (real number)","Two","AgriConnect Indicators","CCYY","Units","Normal value","Public"
"datastructure","WB.DATA360:DS_DATA360(1.3)","I","A","NGA","AG_HH_PD_V","_Z","_Z","_Z","USD","_Z","_Z","_Z","2024","278.90668397674","_Z","NUMBER","2","WB_AGCI","602","Survey year range: 2023–2024","Number of Households: 3323","0","A","PU","Annual","Nigeria","Median Agricultural Household Production Value","Not applicable","Not applicable","Not applicable","US dollars","Not Applicable","Not Applicable","Not Applicable","Not Applicable","Number (real number)","Two","AgriConnect Indicators","CCYY","Units","Normal value","Public"
"datastructure","WB.DATA360:DS_DATA360(1.3)","I","A","TZA","AG_HH_PD_V","_Z","_Z","_Z","USD","_Z","_Z","_Z","2021","139.966530448152","_Z","NUMBER","2","WB_AGCI","602","Survey year range: 2020–2021","Number of Households: 3414","0","A","PU","Annual","Tanzania","Median Agricultural Household Production Value","Not applicable","Not applicable","Not applicable","US dollars","Not Applicable","Not Applicable","Not Applicable","Not Applicable","Number (real number)","Two","AgriConnect Indicators","CCYY","Units","Normal value","Public"
"datastructure","WB.DATA360:DS_DATA360(1.3)","I","A","UGA","AG_HH_PD_V","_Z","_Z","_Z","USD","_Z","_Z","_Z","2020","317.570650044112","_Z","NUMBER","2","WB_AGCI","602","Survey year range: 2019–2020","Number of Households: 2473","0","A","PU","Annual","Uganda","Median Agricultural Household Production Value","Not applicable","Not applicable","Not applicable","US dollars","Not Applicable","Not Applicable","Not Applicable","Not Applicable","Number (real number)","Two","AgriConnect Indicators","CCYY","Units","Normal value","Public"
"datastructure","WB.DATA360:DS_DATA360(1.3)","I","A","MDG","AG_IMO_SD","_Z","_Z","_Z","PT_HH","_Z","_Z","_Z","2022","1.7176465751753","_Z","NUMBER","2","WB_AGCI","602","Survey year range: 2021–2022","Number of Households: 16871","0","A","PU","Annual","Madagascar","Percentage of Agricultural Households using Improved Seeds","Not applicable","Not applicable","Not applicable","Percentage of households","Not Applicable","Not Applicable","Not Applicable","Not Applicable","Number (real number)","Two","AgriConnect Indicators","CCYY","Units","Normal value","Public"
"datastructure","WB.DATA360:DS_DATA360(1.3)","I","A","MLI","AG_IMO_SD","_Z","_Z","_Z","PT_HH","_Z","_Z","_Z","2022","14.9258024583694","_Z","NUMBER","2","WB_AGCI","602","Survey year range: 2021–2022","Number of Households: 6143","0","A","PU","Annual","Mali","Percentage of Agricultural Households using Improved Seeds","Not applicable","Not applicable","Not applicable","Percentage of households","Not Applicable","Not Applicable","Not Applicable","Not Applicable","Number (real number)","Two","AgriConnect Indicators","CCYY","Units","Normal value","Public"
"datastructure","WB.DATA360:DS_DATA360(1.3)","I","A","MWI","AG_IMO_SD","_Z","_Z","_Z","PT_HH","_Z","_Z","_Z","2020","47.426315130744","_Z","NUMBER","2","WB_AGCI","602","Survey year range: 2019–2020","Number of Households: 3178","0","A","PU","Annual","Malawi","Percentage of Agricultural Households using Improved Seeds","Not applicable","Not applicable","Not applicable","Percentage of households","Not Applicable","Not Applicable","Not Applicable","Not Applicable","Number (real number)","Two","AgriConnect Indicators","CCYY","Units","Normal value","Public"
"datastructure","WB.DATA360:DS_DATA360(1.3)","I","A","NER","AG_IMO_SD","_Z","_Z","_Z","PT_HH","_Z","_Z","_Z","2014","4.73388262701705","_Z","NUMBER","2","WB_AGCI","602","Survey year range: 2014","Number of Households: 6622","0","A","PU","Annual","Niger","Percentage of Agricultural Households using Improved Seeds","Not applicable","Not applicable","Not applicable","Percentage of households","Not Applicable","Not Applicable","Not Applicable","Not Applicable","Number (real number)","Two","AgriConnect Indicators","CCYY","Units","Normal value","Public"
"datastructure","WB.DATA360:DS_DATA360(1.3)","I","A","NGA","AG_IMO_SD","_Z","_Z","_Z","PT_HH","_Z","_Z","_Z","2024","3.90579002249905","_Z","NUMBER","2","WB_AGCI","602","Survey year range: 2023–2024","Number of Households: 4715","0","A","PU","Annual","Nigeria","Percentage of Agricultural Households using Improved Seeds","Not applicable","Not applicable","Not applicable","Percentage of households","Not Applicable","Not Applicable","Not Applicable","Not Applicable","Number (real number)","Two","AgriConnect Indicators","CCYY","Units","Normal value","Public"
"datastructure","WB.DATA360:DS_DATA360(1.3)","I","A","RWA","AG_IMO_SD","_Z","_Z","_Z","PT_HH","_Z","_Z","_Z","2022","34.7141554264868","_Z","NUMBER","2","WB_AGCI","602","Survey year range: 2022","Number of Households: 20833","0","A","PU","Annual","Rwanda","Percentage of Agricultural Households using Improved Seeds","Not applicable","Not applicable","Not applicable","Percentage of households","Not Applicable","Not Applicable","Not Applicable","Not Applicable","Number (real number)","Two","AgriConnect Indicators","CCYY","Units","Normal value","Public"
"datastructure","WB.DATA360:DS_DATA360(1.3)","I","A","SEN","AG_IMO_SD","_Z","_Z","_Z","PT_HH","_Z","_Z","_Z","2022","4.25839898037437","_Z","NUMBER","2","WB_AGCI","602","Survey year range: 2021–2022","Number of Households: 7120","0","A","PU","Annual","Senegal","Percentage of Agricultural Households using Improved Seeds","Not applicable","Not applicable","Not applicable","Percentage of households","Not Applicable","Not Applicable","Not Applicable","Not Applicable","Number (real number)","Two","AgriConnect Indicators","CCYY","Units","Normal value","Public"
"datastructure","WB.DATA360:DS_DATA360(1.3)","I","A","TCD","AG_IMO_SD","_Z","_Z","_Z","PT_HH","_Z","_Z","_Z","2010","4.09498056055159","_Z","NUMBER","2","WB_AGCI","602","Survey year range: 2010","Number of Households: 7493","0","A","PU","Annual","Chad","Percentage of Agricultural Households using Improved Seeds","Not applicable","Not applicable","Not applicable","Percentage of households","Not Applicable","Not Applicable","Not Applicable","Not Applicable","Number (real number)","Two","AgriConnect Indicators","CCYY","Units","Normal value","Public"
"datastructure","WB.DATA360:DS_DATA360(1.3)","I","A","TGO","AG_IMO_SD","_Z","_Z","_Z","PT_HH","_Z","_Z","_Z","2022","8.51772829129321","_Z","NUMBER","2","WB_AGCI","602","Survey year range: 2021–2022","Number of Households: 6462","0","A","PU","Annual","Togo","Percentage of Agricultural Households using Improved Seeds","Not applicable","Not applicable","Not applicable","Percentage of households","Not Applicable","Not Applicable","Not Applicable","Not Applicable","Number (real number)","Two","AgriConnect Indicators","CCYY","Units","Normal value","Public"
"datastructure","WB.DATA360:DS_DATA360(1.3)","I","A","TZA","AG_IMO_SD","_Z","_Z","_Z","PT_HH","_Z","_Z","_Z","2021","24.2321599566199","_Z","NUMBER","2","WB_AGCI","602","Survey year range: 2020–2021","Number of Households: 5893","0","A","PU","Annual","Tanzania","Percentage of Agricultural Households using Improved Seeds","Not applicable","Not applicable","Not applicable","Percentage of households","Not Applicable","Not Applicable","Not Applicable","Not Applicable","Number (real number)","Two","AgriConnect Indicators","CCYY","Units","Normal value","Public"
"datastructure","WB.DATA360:DS_DATA360(1.3)","I","A","UGA","AG_IMO_SD","_Z","_Z","_Z","PT_HH","_Z","_Z","_Z","2020","11.6282480117573","_Z","NUMBER","2","WB_AGCI","602","Survey year range: 2019–2020","Number of Households: 3098","0","A","PU","Annual","Uganda","Percentage of Agricultural Households using Improved Seeds","Not applicable","Not applicable","Not applicable","Percentage of households","Not Applicable","Not Applicable","Not Applicable","Not Applicable","Number (real number)","Two","AgriConnect Indicators","CCYY","Units","Normal value","Public"
"datastructure","WB.DATA360:DS_DATA360(1.3)","I","A","_T","AG_SD_HH_MP","_Z","_Z","_Z","PT_HH","_Z","_Z","_Z","2024","55.609402253478","_Z","NUMBER","2","WB_AGCI","602","Survey year range: nan","Number of Households: 74602","0","A","PU","Annual","Overall","Market participation - Percentage of Agricultural Households Selling Any Production","Not applicable","Not applicable","Not applicable","Percentage of households","Not Applicable","Not Applicable","Not Applicable","Not Applicable","Number (real number)","Two","AgriConnect Indicators","CCYY","Units","Normal value","Public"
"datastructure","WB.DATA360:DS_DATA360(1.3)","I","A","AGO","AG_SD_HH_MP","_Z","_Z","_Z","PT_HH","_Z","_Z","_Z","2018","35.4832011873238","_Z","NUMBER","2","WB_AGCI","602","Survey year range: 2018","Number of Households: 1028","0","A","PU","Annual","Angola","Market participation - Percentage of Agricultural Households Selling Any Production","Not applicable","Not applicable","Not applicable","Percentage of households","Not Applicable","Not Applicable","Not Applicable","Not Applicable","Number (real number)","Two","AgriConnect Indicators","CCYY","Units","Normal value","Public"
"datastructure","WB.DATA360:DS_DATA360(1.3)","I","A","BEN","AG_SD_HH_MP","_Z","_Z","_Z","PT_HH","_Z","_Z","_Z","2024","76.7611393455639","_Z","NUMBER","2","WB_AGCI","602","Survey year range: 2021-22","Number of Households: 3555","0","A","PU","Annual","Benin","Market participation - Percentage of Agricultural Households Selling Any Production","Not applicable","Not applicable","Not applicable","Percentage of households","Not Applicable","Not Applicable","Not Applicable","Not Applicable","Number (real number)","Two","AgriConnect Indicators","CCYY","Units","Normal value","Public"
"datastructure","WB.DATA360:DS_DATA360(1.3)","I","A","BFA","AG_SD_HH_MP","_Z","_Z","_Z","PT_HH","_Z","_Z","_Z","2019","44.1861405860519","_Z","NUMBER","2","WB_AGCI","602","Survey year range: 2018–2019","Number of Households: 4244","0","A","PU","Annual","Burkina Faso","Market participation - Percentage of Agricultural Households Selling Any Production","Not applicable","Not applicable","Not applicable","Percentage of households","Not Applicable","Not Applicable","Not Applicable","Not Applicable","Number (real number)","Two","AgriConnect Indicators","CCYY","Units","Normal value","Public"
"datastructure","WB.DATA360:DS_DATA360(1.3)","I","A","CIV","AG_SD_HH_MP","_Z","_Z","_Z","PT_HH","_Z","_Z","_Z","2022","83.773282867995","_Z","NUMBER","2","WB_AGCI","602","Survey year range: 2021–2022","Number of Households: 6594","0","A","PU","Annual","Côte d’Ivoire","Market participation - Percentage of Agricultural Households Selling Any Production","Not applicable","Not applicable","Not applicable","Percentage of households","Not Applicable","Not Applicable","Not Applicable","Not Applicable","Number (real number)","Two","AgriConnect Indicators","CCYY","Units","Normal value","Public"
"datastructure","WB.DATA360:DS_DATA360(1.3)","I","A","DJI","AG_SD_HH_MP","_Z","_Z","_Z","PT_HH","_Z","_Z","_Z","2017","66.2416942426792","_Z","NUMBER","2","WB_AGCI","602","Survey year range: 2017","Number of Households: 48","0","A","PU","Annual","Djibouti","Market participation - Percentage of Agricultural Households Selling Any Production","Not applicable","Not applicable","Not applicable","Percentage of households","Not Applicable","Not Applicable","Not Applicable","Not Applicable","Number (real number)","Two","AgriConnect Indicators","CCYY","Units","Normal value","Public"
"datastructure","WB.DATA360:DS_DATA360(1.3)","I","A","ETH","AG_SD_HH_MP","_Z","_Z","_Z","PT_HH","_Z","_Z","_Z","2022","58.4042951014404","_Z","NUMBER","2","WB_AGCI","602","Survey year range: 2021–2022","Number of Households: 813","0","A","PU","Annual","Ethiopia","Market participation - Percentage of Agricultural Households Selling Any Production","Not applicable","Not applicable","Not applicable","Percentage of households","Not Applicable","Not Applicable","Not Applicable","Not Applicable","Number (real number)","Two","AgriConnect Indicators","CCYY","Units","Normal value","Public"
"datastructure","WB.DATA360:DS_DATA360(1.3)","I","A","GIN","AG_SD_HH_MP","_Z","_Z","_Z","PT_HH","_Z","_Z","_Z","2018","55.9608679190654","_Z","NUMBER","2","WB_AGCI","602","Survey year range: 2018","Number of Households: 3120","0","A","PU","Annual","Guinea","Market participation - Percentage of Agricultural Households Selling Any Production","Not applicable","Not applicable","Not applicable","Percentage of households","Not Applicable","Not Applicable","Not Applicable","Not Applicable","Number (real number)","Two","AgriConnect Indicators","CCYY","Units","Normal value","Public"
"datastructure","WB.DATA360:DS_DATA360(1.3)","I","A","GNB","AG_SD_HH_MP","_Z","_Z","_Z","PT_HH","_Z","_Z","_Z","2022","85.2221156017752","_Z","NUMBER","2","WB_AGCI","602","Survey year range: 2021–2022","Number of Households: 3436","0","A","PU","Annual","Guinea-Bissau","Market participation - Percentage of Agricultural Households Selling Any Production","Not applicable","Not applicable","Not applicable","Percentage of households","Not Applicable","Not Applicable","Not Applicable","Not Applicable","Number (real number)","Two","AgriConnect Indicators","CCYY","Units","Normal value","Public"
"datastructure","WB.DATA360:DS_DATA360(1.3)","I","A","KEN","AG_SD_HH_MP","_Z","_Z","_Z","PT_HH","_Z","_Z","_Z","2016","56.1326421048695","_Z","NUMBER","2","WB_AGCI","602","Survey year range: 2015–2016","Number of Households: 11556","0","A","PU","Annual","Kenya","Market participation - Percentage of Agricultural Households Selling Any Production","Not applicable","Not applicable","Not applicable","Percentage of households","Not Applicable","Not Applicable","Not Applicable","Not Applicable","Number (real number)","Two","AgriConnect Indicators","CCYY","Units","Normal value","Public"
"datastructure","WB.DATA360:DS_DATA360(1.3)","I","A","MLI","AG_SD_HH_MP","_Z","_Z","_Z","PT_HH","_Z","_Z","_Z","2022","34.0826522562578","_Z","NUMBER","2","WB_AGCI","602","Survey year range: 2021–2022","Number of Households: 2398","0","A","PU","Annual","Mali","Market participation - Percentage of Agricultural Households Selling Any Production","Not applicable","Not applicable","Not applicable","Percentage of households","Not Applicable","Not Applicable","Not Applicable","Not Applicable","Number (real number)","Two","AgriConnect Indicators","CCYY","Units","Normal value","Public"
"datastructure","WB.DATA360:DS_DATA360(1.3)","I","A","MWI","AG_SD_HH_MP","_Z","_Z","_Z","PT_HH","_Z","_Z","_Z","2020","19.1202057641912","_Z","NUMBER","2","WB_AGCI","602","Survey year range: 2019–2020","Number of Households: 2090","0","A","PU","Annual","Malawi","Market participation - Percentage of Agricultural Households Selling Any Production","Not applicable","Not applicable","Not applicable","Percentage of households","Not Applicable","Not Applicable","Not Applicable","Not Applicable","Number (real number)","Two","AgriConnect Indicators","CCYY","Units","Normal value","Public"
"datastructure","WB.DATA360:DS_DATA360(1.3)","I","A","NER","AG_SD_HH_MP","_Z","_Z","_Z","PT_HH","_Z","_Z","_Z","2014","37.8019328467153","_Z","NUMBER","2","WB_AGCI","602","Survey year range: 2014","Number of Households: 3437","0","A","PU","Annual","Niger","Market participation - Percentage of Agricultural Households Selling Any Production","Not applicable","Not applicable","Not applicable","Percentage of households","Not Applicable","Not Applicable","Not Applicable","Not Applicable","Number (real number)","Two","AgriConnect Indicators","CCYY","Units","Normal value","Public"
"datastructure","WB.DATA360:DS_DATA360(1.3)","I","A","NGA","AG_SD_HH_MP","_Z","_Z","_Z","PT_HH","_Z","_Z","_Z","2024","55.7910495587445","_Z","NUMBER","2","WB_AGCI","602","Survey year range: 2023–2024","Number of Households: 2117","0","A","PU","Annual","Nigeria","Market participation - Percentage of Agricultural Households Selling Any Production","Not applicable","Not applicable","Not applicable","Percentage of households","Not Applicable","Not Applicable","Not Applicable","Not Applicable","Number (real number)","Two","AgriConnect Indicators","CCYY","Units","Normal value","Public"
"datastructure","WB.DATA360:DS_DATA360(1.3)","I","A","RWA","AG_SD_HH_MP","_Z","_Z","_Z","PT_HH","_Z","_Z","_Z","2022","69.2823946699604","_Z","NUMBER","2","WB_AGCI","602","Survey year range: 2022","Number of Households: 16374","0","A","PU","Annual","Rwanda","Market participation - Percentage of Agricultural Households Selling Any Production","Not applicable","Not applicable","Not applicable","Percentage of households","Not Applicable","Not Applicable","Not Applicable","Not Applicable","Number (real number)","Two","AgriConnect Indicators","CCYY","Units","Normal value","Public"
"datastructure","WB.DATA360:DS_DATA360(1.3)","I","A","SEN","AG_SD_HH_MP","_Z","_Z","_Z","PT_HH","_Z","_Z","_Z","2022","40.1226299330052","_Z","NUMBER","2","WB_AGCI","602","Survey year range: 2021–2022","Number of Households: 2643","0","A","PU","Annual","Senegal","Market participation - Percentage of Agricultural Households Selling Any Production","Not applicable","Not applicable","Not applicable","Percentage of households","Not Applicable","Not Applicable","Not Applicable","Not Applicable","Number (real number)","Two","AgriConnect Indicators","CCYY","Units","Normal value","Public"
"datastructure","WB.DATA360:DS_DATA360(1.3)","I","A","TCD","AG_SD_HH_MP","_Z","_Z","_Z","PT_HH","_Z","_Z","_Z","2010","54.0714349363579","_Z","NUMBER","2","WB_AGCI","602","Survey year range: 2010","Number of Households: 4381","0","A","PU","Annual","Chad","Market participation - Percentage of Agricultural Households Selling Any Production","Not applicable","Not applicable","Not applicable","Percentage of households","Not Applicable","Not Applicable","Not Applicable","Not Applicable","Number (real number)","Two","AgriConnect Indicators","CCYY","Units","Normal value","Public"
"datastructure","WB.DATA360:DS_DATA360(1.3)","I","A","TGO","AG_SD_HH_MP","_Z","_Z","_Z","PT_HH","_Z","_Z","_Z","2022","78.7204379449158","_Z","NUMBER","2","WB_AGCI","602","Survey year range: 2021–2022","Number of Households: 3714","0","A","PU","Annual","Togo","Market participation - Percentage of Agricultural Households Selling Any Production","Not applicable","Not applicable","Not applicable","Percentage of households","Not Applicable","Not Applicable","Not Applicable","Not Applicable","Number (real number)","Two","AgriConnect Indicators","CCYY","Units","Normal value","Public"
"datastructure","WB.DATA360:DS_DATA360(1.3)","I","A","TZA","AG_SD_HH_MP","_Z","_Z","_Z","PT_HH","_Z","_Z","_Z","2021","41.5212572380349","_Z","NUMBER","2","WB_AGCI","602","Survey year range: 2020–2021","Number of Households: 1845","0","A","PU","Annual","Tanzania","Market participation - Percentage of Agricultural Households Selling Any Production","Not applicable","Not applicable","Not applicable","Percentage of households","Not Applicable","Not Applicable","Not Applicable","Not Applicable","Number (real number)","Two","AgriConnect Indicators","CCYY","Units","Normal value","Public"
"datastructure","WB.DATA360:DS_DATA360(1.3)","I","A","UGA","AG_SD_HH_MP","_Z","_Z","_Z","PT_HH","_Z","_Z","_Z","2020","49.9104898466757","_Z","NUMBER","2","WB_AGCI","602","Survey year range: 2019–2020","Number of Households: 1209","0","A","PU","Annual","Uganda","Market participation - Percentage of Agricultural Households Selling Any Production","Not applicable","Not applicable","Not applicable","Percentage of households","Not Applicable","Not Applicable","Not Applicable","Not Applicable","Number (real number)","Two","AgriConnect Indicators","CCYY","Units","Normal value","Public"
"datastructure","WB.DATA360:DS_DATA360(1.3)","I","A","_T","AG_SD_HH_PD","_Z","_Z","_Z","PT","_Z","_Z","_Z","2024","35.4938204655711","_Z","NUMBER","2","WB_AGCI","602","Survey year range: nan","Number of Households: 36685","0","A","PU","Annual","Overall","Average Sold Percentage of Household Agricultural Production","Not applicable","Not applicable","Not applicable","Percentage","Not Applicable","Not Applicable","Not Applicable","Not Applicable","Number (real number)","Two","AgriConnect Indicators","CCYY","Units","Normal value","Public"
"datastructure","WB.DATA360:DS_DATA360(1.3)","I","A","AGO","AG_SD_HH_PD","_Z","_Z","_Z","PT","_Z","_Z","_Z","2018","0.531853937346241","_Z","NUMBER","2","WB_AGCI","602","Survey year range: 2018","Number of Households: 723","0","A","PU","Annual","Angola","Average Sold Percentage of Household Agricultural Production","Not applicable","Not applicable","Not applicable","Percentage","Not Applicable","Not Applicable","Not Applicable","Not Applicable","Number (real number)","Two","AgriConnect Indicators","CCYY","Units","Normal value","Public"
"datastructure","WB.DATA360:DS_DATA360(1.3)","I","A","BEN","AG_SD_HH_PD","_Z","_Z","_Z","PT","_Z","_Z","_Z","2024","95.6012323745421","_Z","NUMBER","2","WB_AGCI","602","Survey year range: 2021-22","Number of Households: 2801","0","A","PU","Annual","Benin","Average Sold Percentage of Household Agricultural Production","Not applicable","Not applicable","Not applicable","Percentage","Not Applicable","Not Applicable","Not Applicable","Not Applicable","Number (real number)","Two","AgriConnect Indicators","CCYY","Units","Normal value","Public"
"datastructure","WB.DATA360:DS_DATA360(1.3)","I","A","BFA","AG_SD_HH_PD","_Z","_Z","_Z","PT","_Z","_Z","_Z","2019","91.6275838637255","_Z","NUMBER","2","WB_AGCI","602","Survey year range: 2018–2019","Number of Households: 1962","0","A","PU","Annual","Burkina Faso","Average Sold Percentage of Household Agricultural Production","Not applicable","Not applicable","Not applicable","Percentage","Not Applicable","Not Applicable","Not Applicable","Not Applicable","Number (real number)","Two","AgriConnect Indicators","CCYY","Units","Normal value","Public"
"datastructure","WB.DATA360:DS_DATA360(1.3)","I","A","CIV","AG_SD_HH_PD","_Z","_Z","_Z","PT","_Z","_Z","_Z","2022","88.508833117353","_Z","NUMBER","2","WB_AGCI","602","Survey year range: 2021–2022","Number of Households: 5887","0","A","PU","Annual","Côte d’Ivoire","Average Sold Percentage of Household Agricultural Production","Not applicable","Not applicable","Not applicable","Percentage","Not Applicable","Not Applicable","Not Applicable","Not Applicable","Number (real number)","Two","AgriConnect Indicators","CCYY","Units","Normal value","Public"
"datastructure","WB.DATA360:DS_DATA360(1.3)","I","A","DJI","AG_SD_HH_PD","_Z","_Z","_Z","PT","_Z","_Z","_Z","2017","59.4878963271945","_Z","NUMBER","2","WB_AGCI","602","Survey year range: 2017","Number of Households: 35","0","A","PU","Annual","Djibouti","Average Sold Percentage of Household Agricultural Production","Not applicable","Not applicable","Not applicable","Percentage","Not Applicable","Not Applicable","Not Applicable","Not Applicable","Number (real number)","Two","AgriConnect Indicators","CCYY","Units","Normal value","Public"
"datastructure","WB.DATA360:DS_DATA360(1.3)","I","A","ETH","AG_SD_HH_PD","_Z","_Z","_Z","PT","_Z","_Z","_Z","2022","19.2347572640617","_Z","NUMBER","2","WB_AGCI","602","Survey year range: 2021–2022","Number of Households: 1186","0","A","PU","Annual","Ethiopia","Average Sold Percentage of Household Agricultural Production","Not applicable","Not applicable","Not applicable","Percentage","Not Applicable","Not Applicable","Not Applicable","Not Applicable","Number (real number)","Two","AgriConnect Indicators","CCYY","Units","Normal value","Public"
"datastructure","WB.DATA360:DS_DATA360(1.3)","I","A","GNB","AG_SD_HH_PD","_Z","_Z","_Z","PT","_Z","_Z","_Z","2022","71.6146718063401","_Z","NUMBER","2","WB_AGCI","602","Survey year range: 2021–2022","Number of Households: 3188","0","A","PU","Annual","Guinea-Bissau","Average Sold Percentage of Household Agricultural Production","Not applicable","Not applicable","Not applicable","Percentage","Not Applicable","Not Applicable","Not Applicable","Not Applicable","Number (real number)","Two","AgriConnect Indicators","CCYY","Units","Normal value","Public"
"datastructure","WB.DATA360:DS_DATA360(1.3)","I","A","CIV","AG_IRG_CT","_Z","_Z","_Z","PT","_Z","_Z","_Z","2022","9.23141407626125","_Z","NUMBER","2","WB_AGCI","602","Survey year range: 2021–2022","Number of Households: 7566","0","A","PU","Annual","Côte d’Ivoire","Percentage of Agricultural Households using Irrigation","Not applicable","Not applicable","Not applicable","Percentage","Not Applicable","Not Applicable","Not Applicable","Not Applicable","Number (real number)","Two","AgriConnect Indicators","CCYY","Units","Normal value","Public"
"datastructure","WB.DATA360:DS_DATA360(1.3)","I","A","CMR","AG_IRG_CT","_Z","_Z","_Z","PT","_Z","_Z","_Z","2024","17.9028027534248","_Z","NUMBER","2","WB_AGCI","602","Survey year range: 2024","Number of Households: 2357","0","A","PU","Annual","Cameroon","Percentage of Agricultural Households using Irrigation","Not applicable","Not applicable","Not applicable","Percentage","Not Applicable","Not Applicable","Not Applicable","Not Applicable","Number (real number)","Two","AgriConnect Indicators","CCYY","Units","Normal value","Public"
"datastructure","WB.DATA360:DS_DATA360(1.3)","I","A","COD","AG_IRG_CT","_Z","_Z","_Z","PT","_Z","_Z","_Z","2012","23.049977044123","_Z","NUMBER","2","WB_AGCI","602","Survey year range: 2012","Number of Households: 1404","0","A","PU","Annual","Congo, Dem. Rep.","Percentage of Agricultural Households using Irrigation","Not applicable","Not applicable","Not applicable","Percentage","Not Applicable","Not Applicable","Not Applicable","Not Applicable","Number (real number)","Two","AgriConnect Indicators","CCYY","Units","Normal value","Public"
"datastructure","WB.DATA360:DS_DATA360(1.3)","I","A","DJI","AG_IRG_CT","_Z","_Z","_Z","PT","_Z","_Z","_Z","2017","31.4491839612816","_Z","NUMBER","2","WB_AGCI","602","Survey year range: 2017","Number of Households: 57","0","A","PU","Annual","Djibouti","Percentage of Agricultural Households using Irrigation","Not applicable","Not applicable","Not applicable","Percentage","Not Applicable","Not Applicable","Not Applicable","Not Applicable","Number (real number)","Two","AgriConnect Indicators","CCYY","Units","Normal value","Public"
"datastructure","WB.DATA360:DS_DATA360(1.3)","I","A","ETH","AG_IRG_CT","_Z","_Z","_Z","PT","_Z","_Z","_Z","2022","8.55998617903885","_Z","NUMBER","2","WB_AGCI","602","Survey year range: 2021–2022","Number of Households: 1545","0","A","PU","Annual","Ethiopia","Percentage of Agricultural Households using Irrigation","Not applicable","Not applicable","Not applicable","Percentage","Not Applicable","Not Applicable","Not Applicable","Not Applicable","Number (real number)","Two","AgriConnect Indicators","CCYY","Units","Normal value","Public"
"datastructure","WB.DATA360:DS_DATA360(1.3)","I","A","GHA","AG_IRG_CT","_Z","_Z","_Z","PT","_Z","_Z","_Z","2019","7.89214074317659","_Z","NUMBER","2","WB_AGCI","602","Survey year range: 2018–2019","Number of Households: 3041","0","A","PU","Annual","Ghana","Percentage of Agricultural Households using Irrigation","Not applicable","Not applicable","Not applicable","Percentage","Not Applicable","Not Applicable","Not Applicable","Not Applicable","Number (real number)","Two","AgriConnect Indicators","CCYY","Units","Normal value","Public"
"datastructure","WB.DATA360:DS_DATA360(1.3)","I","A","GIN","AG_IRG_CT","_Z","_Z","_Z","PT","_Z","_Z","_Z","2018","7.39485839732484","_Z","NUMBER","2","WB_AGCI","602","Survey year range: 2018","Number of Households: 3187","0","A","PU","Annual","Guinea","Percentage of Agricultural Households using Irrigation","Not applicable","Not applicable","Not applicable","Percentage","Not Applicable","Not Applicable","Not Applicable","Not Applicable","Number (real number)","Two","AgriConnect Indicators","CCYY","Units","Normal value","Public"
"datastructure","WB.DATA360:DS_DATA360(1.3)","I","A","GMB","AG_IRG_CT","_Z","_Z","_Z","PT","_Z","_Z","_Z","2015","9.47491142539048","_Z","NUMBER","2","WB_AGCI","602","Survey year range: 2015","Number of Households: 9863","0","A","PU","Annual","Gambia, The","Percentage of Agricultural Households using Irrigation","Not applicable","Not applicable","Not applicable","Percentage","Not Applicable","Not Applicable","Not Applicable","Not Applicable","Number (real number)","Two","AgriConnect Indicators","CCYY","Units","Normal value","Public"
"datastructure","WB.DATA360:DS_DATA360(1.3)","I","A","GNB","AG_IRG_CT","_Z","_Z","_Z","PT","_Z","_Z","_Z","2022","9.18809287015386","_Z","NUMBER","2","WB_AGCI","602","Survey year range: 2021–2022","Number of Households: 3580","0","A","PU","Annual","Guinea-Bissau","Percentage of Agricultural Households using Irrigation","Not applicable","Not applicable","Not applicable","Percentage","Not Applicable","Not Applicable","Not Applicable","Not Applicable","Number (real number)","Two","AgriConnect Indicators","CCYY","Units","Normal value","Public"
"datastructure","WB.DATA360:DS_DATA360(1.3)","I","A","KEN","AG_IRG_CT","_Z","_Z","_Z","PT","_Z","_Z","_Z","2016","6.6890712916849","_Z","NUMBER","2","WB_AGCI","602","Survey year range: 2015–2016","Number of Households: 11581","0","A","PU","Annual","Kenya","Percentage of Agricultural Households using Irrigation","Not applicable","Not applicable","Not applicable","Percentage","Not Applicable","Not Applicable","Not Applicable","Not Applicable","Number (real number)","Two","AgriConnect Indicators","CCYY","Units","Normal value","Public"
"datastructure","WB.DATA360:DS_DATA360(1.3)","I","A","LBR","AG_IRG_CT","_Z","_Z","_Z","PT","_Z","_Z","_Z","2016","5.43925033588644","_Z","NUMBER","2","WB_AGCI","602","Survey year range: 2016","Number of Households: 3240","0","A","PU","Annual","Liberia","Percentage of Agricultural Households using Irrigation","Not applicable","Not applicable","Not applicable","Percentage","Not Applicable","Not Applicable","Not Applicable","Not Applicable","Number (real number)","Two","AgriConnect Indicators","CCYY","Units","Normal value","Public"
"datastructure","WB.DATA360:DS_DATA360(1.3)","I","A","MDG","AG_IRG_CT","_Z","_Z","_Z","PT","_Z","_Z","_Z","2022","57.0871359911579","_Z","NUMBER","2","WB_AGCI","602","Survey year range: 2021–2022","Number of Households: 8146","0","A","PU","Annual","Madagascar","Percentage of Agricultural Households using Irrigation","Not applicable","Not applicable","Not applicable","Percentage","Not Applicable","Not Applicable","Not Applicable","Not Applicable","Number (real number)","Two","AgriConnect Indicators","CCYY","Units","Normal value","Public"
"datastructure","WB.DATA360:DS_DATA360(1.3)","I","A","MLI","AG_IRG_CT","_Z","_Z","_Z","PT","_Z","_Z","_Z","2022","20.9879417735583","_Z","NUMBER","2","WB_AGCI","602","Survey year range: 2021–2022","Number of Households: 2857","0","A","PU","Annual","Mali","Percentage of Agricultural Households using Irrigation","Not applicable","Not applicable","Not applicable","Percentage","Not Applicable","Not Applicable","Not Applicable","Not Applicable","Number (real number)","Two","AgriConnect Indicators","CCYY","Units","Normal value","Public"
"datastructure","WB.DATA360:DS_DATA360(1.3)","I","A","MOZ","AG_IRG_CT","_Z","_Z","_Z","PT","_Z","_Z","_Z","2023","28.7430834583445","_Z","NUMBER","2","WB_AGCI","602","Survey year range: 2023","Number of Households: 1477","0","A","PU","Annual","Mozambique","Percentage of Agricultural Households using Irrigation","Not applicable","Not applicable","Not applicable","Percentage","Not Applicable","Not Applicable","Not Applicable","Not Applicable","Number (real number)","Two","AgriConnect Indicators","CCYY","Units","Normal value","Public"
"datastructure","WB.DATA360:DS_DATA360(1.3)","I","A","MWI","AG_IRG_CT","_Z","_Z","_Z","PT","_Z","_Z","_Z","2020","1.31778067738424","_Z","NUMBER","2","WB_AGCI","602","Survey year range: 2019–2020","Number of Households: 2312","0","A","PU","Annual","Malawi","Percentage of Agricultural Households using Irrigation","Not applicable","Not applicable","Not applicable","Percentage","Not Applicable","Not Applicable","Not Applicable","Not Applicable","Number (real number)","Two","AgriConnect Indicators","CCYY","Units","Normal value","Public"
"datastructure","WB.DATA360:DS_DATA360(1.3)","I","A","NER","AG_IRG_CT","_Z","_Z","_Z","PT","_Z","_Z","_Z","2014","0.997270038594223","_Z","NUMBER","2","WB_AGCI","602","Survey year range: 2014","Number of Households: 3468","0","A","PU","Annual","Niger","Percentage of Agricultural Households using Irrigation","Not applicable","Not applicable","Not applicable","Percentage","Not Applicable","Not Applicable","Not Applicable","Not Applicable","Number (real number)","Two","AgriConnect Indicators","CCYY","Units","Normal value","Public"
"datastructure","WB.DATA360:DS_DATA360(1.3)","I","A","NGA","AG_IRG_CT","_Z","_Z","_Z","PT","_Z","_Z","_Z","2024","3.92595068887285","_Z","NUMBER","2","WB_AGCI","602","Survey year range: 2023–2024","Number of Households: 3323","0","A","PU","Annual","Nigeria","Percentage of Agricultural Households using Irrigation","Not applicable","Not applicable","Not applicable","Percentage","Not Applicable","Not Applicable","Not Applicable","Not Applicable","Number (real number)","Two","AgriConnect Indicators","CCYY","Units","Normal value","Public"
"datastructure","WB.DATA360:DS_DATA360(1.3)","I","A","RWA","AG_IRG_CT","_Z","_Z","_Z","PT","_Z","_Z","_Z","2022","3.1082908976223","_Z","NUMBER","2","WB_AGCI","602","Survey year range: 2022","Number of Households: 16374","0","A","PU","Annual","Rwanda","Percentage of Agricultural Households using Irrigation","Not applicable","Not applicable","Not applicable","Percentage","Not Applicable","Not Applicable","Not Applicable","Not Applicable","Number (real number)","Two","AgriConnect Indicators","CCYY","Units","Normal value","Public"
"datastructure","WB.DATA360:DS_DATA360(1.3)","I","A","SEN","AG_IRG_CT","_Z","_Z","_Z","PT","_Z","_Z","_Z","2022","13.5187524169392","_Z","NUMBER","2","WB_AGCI","602","Survey year range: 2021–2022","Number of Households: 2650","0","A","PU","Annual","Senegal","Percentage of Agricultural Households using Irrigation","Not applicable","Not applicable","Not applicable","Percentage","Not Applicable","Not Applicable","Not Applicable","Not Applicable","Number (real number)","Two","AgriConnect Indicators","CCYY","Units","Normal value","Public"
"datastructure","WB.DATA360:DS_DATA360(1.3)","I","A","SLE","AG_IRG_CT","_Z","_Z","_Z","PT","_Z","_Z","_Z","2023","31.5195188779858","_Z","NUMBER","2","WB_AGCI","602","Survey year range: 2023","Number of Households: 4996","0","A","PU","Annual","Sierra Leone","Percentage of Agricultural Households using Irrigation","Not applicable","Not applicable","Not applicable","Percentage","Not Applicable","Not Applicable","Not Applicable","Not Applicable","Number (real number)","Two","AgriConnect Indicators","CCYY","Units","Normal value","Public"
"datastructure","WB.DATA360:DS_DATA360(1.3)","I","A","SOM","AG_IRG_CT","_Z","_Z","_Z","PT","_Z","_Z","_Z","2023","28.6474592641756","_Z","NUMBER","2","WB_AGCI","602","Survey year range: 2023","Number of Households: 1586","0","A","PU","Annual","Somalia, Federal Republic of","Percentage of Agricultural Households using Irrigation","Not applicable","Not applicable","Not applicable","Percentage","Not Applicable","Not Applicable","Not Applicable","Not Applicable","Number (real number)","Two","AgriConnect Indicators","CCYY","Units","Normal value","Public"
"datastructure","WB.DATA360:DS_DATA360(1.3)","I","A","SSD","AG_IRG_CT","_Z","_Z","_Z","PT","_Z","_Z","_Z","2009","2.35260501328174","_Z","NUMBER","2","WB_AGCI","602","Survey year range: 2009","Number of Households: 2770","0","A","PU","Annual","South Sudan","Percentage of Agricultural Households using Irrigation","Not applicable","Not applicable","Not applicable","Percentage","Not Applicable","Not Applicable","Not Applicable","Not Applicable","Number (real number)","Two","AgriConnect Indicators","CCYY","Units","Normal value","Public"
"datastructure","WB.DATA360:DS_DATA360(1.3)","I","A","TCD","AG_IRG_CT","_Z","_Z","_Z","PT","_Z","_Z","_Z","2010","3.1999160207594","_Z","NUMBER","2","WB_AGCI","602","Survey year range: 2010","Number of Households: 4386","0","A","PU","Annual","Chad","Percentage of Agricultural Households using Irrigation","Not applicable","Not applicable","Not applicable","Percentage","Not Applicable","Not Applicable","Not Applicable","Not Applicable","Number (real number)","Two","AgriConnect Indicators","CCYY","Units","Normal value","Public"
"datastructure","WB.DATA360:DS_DATA360(1.3)","I","A","TGO","AG_IRG_CT","_Z","_Z","_Z","PT","_Z","_Z","_Z","2022","1.93266351992711","_Z","NUMBER","2","WB_AGCI","602","Survey year range: 2021–2022","Number of Households: 3771","0","A","PU","Annual","Togo","Percentage of Agricultural Households using Irrigation","Not applicable","Not applicable","Not applicable","Percentage","Not Applicable","Not Applicable","Not Applicable","Not Applicable","Number (real number)","Two","AgriConnect Indicators","CCYY","Units","Normal value","Public"
"datastructure","WB.DATA360:DS_DATA360(1.3)","I","A","TZA","AG_IRG_CT","_Z","_Z","_Z","PT","_Z","_Z","_Z","2021","1.77542381356954","_Z","NUMBER","2","WB_AGCI","602","Survey year range: 2020–2021","Number of Households: 2899","0","A","PU","Annual","Tanzania","Percentage of Agricultural Households using Irrigation","Not applicable","Not applicable","Not applicable","Percentage","Not Applicable","Not Applicable","Not Applicable","Not Applicable","Number (real number)","Two","AgriConnect Indicators","CCYY","Units","Normal value","Public"
"datastructure","WB.DATA360:DS_DATA360(1.3)","I","A","UGA","AG_IRG_CT","_Z","_Z","_Z","PT","_Z","_Z","_Z","2020","0.268583177262256","_Z","NUMBER","2","WB_AGCI","602","Survey year range: 2019–2020","Number of Households: 2469","0","A","PU","Annual","Uganda","Percentage of Agricultural Households using Irrigation","Not applicable","Not applicable","Not applicable","Percentage","Not Applicable","Not Applicable","Not Applicable","Not Applicable","Number (real number)","Two","AgriConnect Indicators","CCYY","Units","Normal value","Public"
"datastructure","WB.DATA360:DS_DATA360(1.3)","I","A","ZWE","AG_IRG_CT","_Z","_Z","_Z","PT","_Z","_Z","_Z","2021","16.5030102315878","_Z","NUMBER","2","WB_AGCI","602","Survey year range: 2021","Number of Households: 1287","0","A","PU","Annual","Zimbabwe","Percentage of Agricultural Households using Irrigation","Not applicable","Not applicable","Not applicable","Percentage","Not Applicable","Not Applicable","Not Applicable","Not Applicable","Number (real number)","Two","AgriConnect Indicators","CCYY","Units","Normal value","Public"
"datastructure","WB.DATA360:DS_DATA360(1.3)","I","A","_T","AG_IMO_SD","_Z","_Z","_Z","PT_HH","_Z","_Z","_Z","2024","14.6592360401471","_Z","NUMBER","2","WB_AGCI","602","Survey year range: nan","Number of Households: 172862","0","A","PU","Annual","Overall","Percentage of Agricultural Households using Improved Seeds","Not applicable","Not applicable","Not applicable","Percentage of households","Not Applicable","Not Applicable","Not Applicable","Not Applicable","Number (real number)","Two","AgriConnect Indicators","CCYY","Units","Normal value","Public"
"datastructure","WB.DATA360:DS_DATA360(1.3)","I","A","AGO","AG_IMO_SD","_Z","_Z","_Z","PT_HH","_Z","_Z","_Z","2018","8.12097375712241","_Z","NUMBER","2","WB_AGCI","602","Survey year range: 2018","Number of Households: 1124","0","A","PU","Annual","Angola","Percentage of Agricultural Households using Improved Seeds","Not applicable","Not applicable","Not applicable","Percentage of households","Not Applicable","Not Applicable","Not Applicable","Not Applicable","Number (real number)","Two","AgriConnect Indicators","CCYY","Units","Normal value","Public"
"datastructure","WB.DATA360:DS_DATA360(1.3)","I","A","BEN","AG_IMO_SD","_Z","_Z","_Z","PT_HH","_Z","_Z","_Z","2024","7.23536022504319","_Z","NUMBER","2","WB_AGCI","602","Survey year range: 2021-22","Number of Households: 8032","0","A","PU","Annual","Benin","Percentage of Agricultural Households using Improved Seeds","Not applicable","Not applicable","Not applicable","Percentage of households","Not Applicable","Not Applicable","Not Applicable","Not Applicable","Number (real number)","Two","AgriConnect Indicators","CCYY","Units","Normal value","Public"
"datastructure","WB.DATA360:DS_DATA360(1.3)","I","A","BFA","AG_IMO_SD","_Z","_Z","_Z","PT_HH","_Z","_Z","_Z","2019","14.6155173821702","_Z","NUMBER","2","WB_AGCI","602","Survey year range: 2018–2019","Number of Households: 7176","0","A","PU","Annual","Burkina Faso","Percentage of Agricultural Households using Improved Seeds","Not applicable","Not applicable","Not applicable","Percentage of households","Not Applicable","Not Applicable","Not Applicable","Not Applicable","Number (real number)","Two","AgriConnect Indicators","CCYY","Units","Normal value","Public"
"datastructure","WB.DATA360:DS_DATA360(1.3)","I","A","CIV","AG_IMO_SD","_Z","_Z","_Z","PT_HH","_Z","_Z","_Z","2022","8.14192552531555","_Z","NUMBER","2","WB_AGCI","602","Survey year range: 2021–2022","Number of Households: 12965","0","A","PU","Annual","Côte d’Ivoire","Percentage of Agricultural Households using Improved Seeds","Not applicable","Not applicable","Not applicable","Percentage of households","Not Applicable","Not Applicable","Not Applicable","Not Applicable","Number (real number)","Two","AgriConnect Indicators","CCYY","Units","Normal value","Public"
"datastructure","WB.DATA360:DS_DATA360(1.3)","I","A","COM","AG_IMO_SD","_Z","_Z","_Z","PT_HH","_Z","_Z","_Z","2004","21.6944801026958","_Z","NUMBER","2","WB_AGCI","602","Survey year range: 2004","Number of Households: 779","0","A","PU","Annual","Comoros","Percentage of Agricultural Households using Improved Seeds","Not applicable","Not applicable","Not applicable","Percentage of households","Not Applicable","Not Applicable","Not Applicable","Not Applicable","Number (real number)","Two","AgriConnect Indicators","CCYY","Units","Normal value","Public"
"datastructure","WB.DATA360:DS_DATA360(1.3)","I","A","ETH","AG_IMO_SD","_Z","_Z","_Z","PT_HH","_Z","_Z","_Z","2022","25.3360992668848","_Z","NUMBER","2","WB_AGCI","602","Survey year range: 2021–2022","Number of Households: 4959","0","A","PU","Annual","Ethiopia","Percentage of Agricultural Households using Improved Seeds","Not applicable","Not applicable","Not applicable","Percentage of households","Not Applicable","Not Applicable","Not Applicable","Not Applicable","Number (real number)","Two","AgriConnect Indicators","CCYY","Units","Normal value","Public"
"datastructure","WB.DATA360:DS_DATA360(1.3)","I","A","GHA","AG_IMO_SD","_Z","_Z","_Z","PT_HH","_Z","_Z","_Z","2019","9.63132827659199","_Z","NUMBER","2","WB_AGCI","602","Survey year range: 2018–2019","Number of Households: 5669","0","A","PU","Annual","Ghana","Percentage of Agricultural Households using Improved Seeds","Not applicable","Not applicable","Not applicable","Percentage of households","Not Applicable","Not Applicable","Not Applicable","Not Applicable","Number (real number)","Two","AgriConnect Indicators","CCYY","Units","Normal value","Public"
"datastructure","WB.DATA360:DS_DATA360(1.3)","I","A","GIN","AG_IMO_SD","_Z","_Z","_Z","PT_HH","_Z","_Z","_Z","2018","2.47267863128011","_Z","NUMBER","2","WB_AGCI","602","Survey year range: 2018","Number of Households: 8256","0","A","PU","Annual","Guinea","Percentage of Agricultural Households using Improved Seeds","Not applicable","Not applicable","Not applicable","Percentage of households","Not Applicable","Not Applicable","Not Applicable","Not Applicable","Number (real number)","Two","AgriConnect Indicators","CCYY","Units","Normal value","Public"
"datastructure","WB.DATA360:DS_DATA360(1.3)","I","A","GNB","AG_IMO_SD","_Z","_Z","_Z","PT_HH","_Z","_Z","_Z","2022","3.5689670240301","_Z","NUMBER","2","WB_AGCI","602","Survey year range: 2021–2022","Number of Households: 5351","0","A","PU","Annual","Guinea-Bissau","Percentage of Agricultural Households using Improved Seeds","Not applicable","Not applicable","Not applicable","Percentage of households","Not Applicable","Not Applicable","Not Applicable","Not Applicable","Number (real number)","Two","AgriConnect Indicators","CCYY","Units","Normal value","Public"
"datastructure","WB.DATA360:DS_DATA360(1.3)","I","A","KEN","AG_IMO_SD","_Z","_Z","_Z","PT_HH","_Z","_Z","_Z","2016","33.2137840126804","_Z","NUMBER","2","WB_AGCI","602","Survey year range: 2015–2016","Number of Households: 21773","0","A","PU","Annual","Kenya","Percentage of Agricultural Households using Improved Seeds","Not applicable","Not applicable","Not applicable","Percentage of households","Not Applicable","Not Applicable","Not Applicable","Not Applicable","Number (real number)","Two","AgriConnect Indicators","CCYY","Units","Normal value","Public"
"datastructure","WB.DATA360:DS_DATA360(1.3)","I","A","LBR","AG_IMO_SD","_Z","_Z","_Z","PT_HH","_Z","_Z","_Z","2016","1.22292308465122","_Z","NUMBER","2","WB_AGCI","602","Survey year range: 2016","Number of Households: 8350","0","A","PU","Annual","Liberia","Percentage of Agricultural Households using Improved Seeds","Not applicable","Not applicable","Not applicable","Percentage of households","Not Applicable","Not Applicable","Not Applicable","Not Applicable","Number (real number)","Two","AgriConnect Indicators","CCYY","Units","Normal value","Public"
"datastructure","WB.DATA360:DS_DATA360(1.3)","I","A","_T","AG_HS_CT","_Z","_Z","_Z","HA","_Z","_Z","_Z","2024","0.570670917866246","_Z","NUMBER","2","WB_AGCI","602","Survey year range: nan","Number of Households: 133317","0","A","PU","Annual","Overall","Median Agricultural Household Cultivated Area","Not applicable","Not applicable","Not applicable","Hectares","Not Applicable","Not Applicable","Not Applicable","Not Applicable","Number (real number)","Two","AgriConnect Indicators","CCYY","Units","Normal value","Public"
"datastructure","WB.DATA360:DS_DATA360(1.3)","I","A","AGO","AG_HS_CT","_Z","_Z","_Z","HA","_Z","_Z","_Z","2018","6.40010008046374","_Z","NUMBER","2","WB_AGCI","602","Survey year range: 2018","Number of Households: 8134","0","A","PU","Annual","Angola","Median Agricultural Household Cultivated Area","Not applicable","Not applicable","Not applicable","Hectares","Not Applicable","Not Applicable","Not Applicable","Not Applicable","Number (real number)","Two","AgriConnect Indicators","CCYY","Units","Normal value","Public"
"datastructure","WB.DATA360:DS_DATA360(1.3)","I","A","BEN","AG_HS_CT","_Z","_Z","_Z","HA","_Z","_Z","_Z","2024","2.0","_Z","NUMBER","2","WB_AGCI","602","Survey year range: 2021-22","Number of Households: 3685","0","A","PU","Annual","Benin","Median Agricultural Household Cultivated Area","Not applicable","Not applicable","Not applicable","Hectares","Not Applicable","Not Applicable","Not Applicable","Not Applicable","Number (real number)","Two","AgriConnect Indicators","CCYY","Units","Normal value","Public"
"datastructure","WB.DATA360:DS_DATA360(1.3)","I","A","BFA","AG_HS_CT","_Z","_Z","_Z","HA","_Z","_Z","_Z","2019","2.30000000441966","_Z","NUMBER","2","WB_AGCI","602","Survey year range: 2018–2019","Number of Households: 4347","0","A","PU","Annual","Burkina Faso","Median Agricultural Household Cultivated Area","Not applicable","Not applicable","Not applicable","Hectares","Not Applicable","Not Applicable","Not Applicable","Not Applicable","Number (real number)","Two","AgriConnect Indicators","CCYY","Units","Normal value","Public"
"datastructure","WB.DATA360:DS_DATA360(1.3)","I","A","BWA","AG_HS_CT","_Z","_Z","_Z","HA","_Z","_Z","_Z","2016","4.0","_Z","NUMBER","2","WB_AGCI","602","Survey year range: 2015–2016","Number of Households: 780","0","A","PU","Annual","Botswana","Median Agricultural Household Cultivated Area","Not applicable","Not applicable","Not applicable","Hectares","Not Applicable","Not Applicable","Not Applicable","Not Applicable","Number (real number)","Two","AgriConnect Indicators","CCYY","Units","Normal value","Public"
"datastructure","WB.DATA360:DS_DATA360(1.3)","I","A","CAF","AG_HS_CT","_Z","_Z","_Z","HA","_Z","_Z","_Z","2024","0.125","_Z","NUMBER","2","WB_AGCI","602","Survey year range: 2024","Number of Households: 3107","0","A","PU","Annual","Central African Republic","Median Agricultural Household Cultivated Area","Not applicable","Not applicable","Not applicable","Hectares","Not Applicable","Not Applicable","Not Applicable","Not Applicable","Number (real number)","Two","AgriConnect Indicators","CCYY","Units","Normal value","Public"
"datastructure","WB.DATA360:DS_DATA360(1.3)","I","A","CIV","AG_HS_CT","_Z","_Z","_Z","HA","_Z","_Z","_Z","2022","3.0","_Z","NUMBER","2","WB_AGCI","602","Survey year range: 2021–2022","Number of Households: 7558","0","A","PU","Annual","Côte d’Ivoire","Median Agricultural Household Cultivated Area","Not applicable","Not applicable","Not applicable","Hectares","Not Applicable","Not Applicable","Not Applicable","Not Applicable","Number (real number)","Two","AgriConnect Indicators","CCYY","Units","Normal value","Public"
"datastructure","WB.DATA360:DS_DATA360(1.3)","I","A","CMR","AG_HS_CT","_Z","_Z","_Z","HA","_Z","_Z","_Z","2024","1.0","_Z","NUMBER","2","WB_AGCI","602","Survey year range: 2024","Number of Households: 2137","0","A","PU","Annual","Cameroon","Median Agricultural Household Cultivated Area","Not applicable","Not applicable","Not applicable","Hectares","Not Applicable","Not Applicable","Not Applicable","Not Applicable","Number (real number)","Two","AgriConnect Indicators","CCYY","Units","Normal value","Public"
"datastructure","WB.DATA360:DS_DATA360(1.3)","I","A","COD","AG_HS_CT","_Z","_Z","_Z","HA","_Z","_Z","_Z","2012","1.0","_Z","NUMBER","2","WB_AGCI","602","Survey year range: 2012","Number of Households: 1392","0","A","PU","Annual","Congo, Dem. Rep.","Median Agricultural Household Cultivated Area","Not applicable","Not applicable","Not applicable","Hectares","Not Applicable","Not Applicable","Not Applicable","Not Applicable","Number (real number)","Two","AgriConnect Indicators","CCYY","Units","Normal value","Public"
"datastructure","WB.DATA360:DS_DATA360(1.3)","I","A","COM","AG_HS_CT","_Z","_Z","_Z","HA","_Z","_Z","_Z","2004","0.0449999989941716","_Z","NUMBER","2","WB_AGCI","602","Survey year range: 2004","Number of Households: 534","0","A","PU","Annual","Comoros","Median Agricultural Household Cultivated Area","Not applicable","Not applicable","Not applicable","Hectares","Not Applicable","Not Applicable","Not Applicable","Not Applicable","Number (real number)","Two","AgriConnect Indicators","CCYY","Units","Normal value","Public"
"datastructure","WB.DATA360:DS_DATA360(1.3)","I","A","DJI","AG_HS_CT","_Z","_Z","_Z","HA","_Z","_Z","_Z","2017","3.0","_Z","NUMBER","2","WB_AGCI","602","Survey year range: 2017","Number of Households: 48","0","A","PU","Annual","Djibouti","Median Agricultural Household Cultivated Area","Not applicable","Not applicable","Not applicable","Hectares","Not Applicable","Not Applicable","Not Applicable","Not Applicable","Number (real number)","Two","AgriConnect Indicators","CCYY","Units","Normal value","Public"
"datastructure","WB.DATA360:DS_DATA360(1.3)","I","A","ETH","AG_HS_CT","_Z","_Z","_Z","HA","_Z","_Z","_Z","2022","0.5724","_Z","NUMBER","2","WB_AGCI","602","Survey year range: 2021–2022","Number of Households: 1543","0","A","PU","Annual","Ethiopia","Median Agricultural Household Cultivated Area","Not applicable","Not applicable","Not applicable","Hectares","Not Applicable","Not Applicable","Not Applicable","Not Applicable","Number (real number)","Two","AgriConnect Indicators","CCYY","Units","Normal value","Public"
"datastructure","WB.DATA360:DS_DATA360(1.3)","I","A","GHA","AG_HS_CT","_Z","_Z","_Z","HA","_Z","_Z","_Z","2019","1.61874401569366","_Z","NUMBER","2","WB_AGCI","602","Survey year range: 2018–2019","Number of Households: 2938","0","A","PU","Annual","Ghana","Median Agricultural Household Cultivated Area","Not applicable","Not applicable","Not applicable","Hectares","Not Applicable","Not Applicable","Not Applicable","Not Applicable","Number (real number)","Two","AgriConnect Indicators","CCYY","Units","Normal value","Public"
"datastructure","WB.DATA360:DS_DATA360(1.3)","I","A","GIN","AG_HS_CT","_Z","_Z","_Z","HA","_Z","_Z","_Z","2018","1.0","_Z","NUMBER","2","WB_AGCI","602","Survey year range: 2018","Number of Households: 3120","0","A","PU","Annual","Guinea","Median Agricultural Household Cultivated Area","Not applicable","Not applicable","Not applicable","Hectares","Not Applicable","Not Applicable","Not Applicable","Not Applicable","Number (real number)","Two","AgriConnect Indicators","CCYY","Units","Normal value","Public"
"datastructure","WB.DATA360:DS_DATA360(1.3)","I","A","GMB","AG_HS_CT","_Z","_Z","_Z","HA","_Z","_Z","_Z","2015","3.0","_Z","NUMBER","2","WB_AGCI","602","Survey year range: 2015","Number of Households: 9678","0","A","PU","Annual","Gambia, The","Median Agricultural Household Cultivated Area","Not applicable","Not applicable","Not applicable","Hectares","Not Applicable","Not Applicable","Not Applicable","Not Applicable","Number (real number)","Two","AgriConnect Indicators","CCYY","Units","Normal value","Public"
"datastructure","WB.DATA360:DS_DATA360(1.3)","I","A","GNB","AG_HS_CT","_Z","_Z","_Z","HA","_Z","_Z","_Z","2022","1.0","_Z","NUMBER","2","WB_AGCI","602","Survey year range: 2021–2022","Number of Households: 3574","0","A","PU","Annual","Guinea-Bissau","Median Agricultural Household Cultivated Area","Not applicable","Not applicable","Not applicable","Hectares","Not Applicable","Not Applicable","Not Applicable","Not Applicable","Number (real number)","Two","AgriConnect Indicators","CCYY","Units","Normal value","Public"
"datastructure","WB.DATA360:DS_DATA360(1.3)","I","A","KEN","AG_HS_CT","_Z","_Z","_Z","HA","_Z","_Z","_Z","2016","1.0","_Z","NUMBER","2","WB_AGCI","602","Survey year range: 2015–2016","Number of Households: 11576","0","A","PU","Annual","Kenya","Median Agricultural Household Cultivated Area","Not applicable","Not applicable","Not applicable","Hectares","Not Applicable","Not Applicable","Not Applicable","Not Applicable","Number (real number)","Two","AgriConnect Indicators","CCYY","Units","Normal value","Public"
"datastructure","WB.DATA360:DS_DATA360(1.3)","I","A","LBR","AG_HS_CT","_Z","_Z","_Z","HA","_Z","_Z","_Z","2016","1.21405801177025","_Z","NUMBER","2","WB_AGCI","602","Survey year range: 2016","Number of Households: 3238","0","A","PU","Annual","Liberia","Median Agricultural Household Cultivated Area","Not applicable","Not applicable","Not applicable","Hectares","Not Applicable","Not Applicable","Not Applicable","Not Applicable","Number (real number)","Two","AgriConnect Indicators","CCYY","Units","Normal value","Public"
"datastructure","WB.DATA360:DS_DATA360(1.3)","I","A","MDG","AG_HS_CT","_Z","_Z","_Z","HA","_Z","_Z","_Z","2022","0.300000011920929","_Z","NUMBER","2","WB_AGCI","602","Survey year range: 2021–2022","Number of Households: 8079","0","A","PU","Annual","Madagascar","Median Agricultural Household Cultivated Area","Not applicable","Not applicable","Not applicable","Hectares","Not Applicable","Not Applicable","Not Applicable","Not Applicable","Number (real number)","Two","AgriConnect Indicators","CCYY","Units","Normal value","Public"
"datastructure","WB.DATA360:DS_DATA360(1.3)","I","A","MLI","AG_HS_CT","_Z","_Z","_Z","HA","_Z","_Z","_Z","2022","3.5","_Z","NUMBER","2","WB_AGCI","602","Survey year range: 2021–2022","Number of Households: 2844","0","A","PU","Annual","Mali","Median Agricultural Household Cultivated Area","Not applicable","Not applicable","Not applicable","Hectares","Not Applicable","Not Applicable","Not Applicable","Not Applicable","Number (real number)","Two","AgriConnect Indicators","CCYY","Units","Normal value","Public"
"datastructure","WB.DATA360:DS_DATA360(1.3)","I","A","MOZ","AG_HS_CT","_Z","_Z","_Z","HA","_Z","_Z","_Z","2023","2.0","_Z","NUMBER","2","WB_AGCI","602","Survey year range: 2023","Number of Households: 1436","0","A","PU","Annual","Mozambique","Median Agricultural Household Cultivated Area","Not applicable","Not applicable","Not applicable","Hectares","Not Applicable","Not Applicable","Not Applicable","Not Applicable","Number (real number)","Two","AgriConnect Indicators","CCYY","Units","Normal value","Public"
"datastructure","WB.DATA360:DS_DATA360(1.3)","I","A","MWI","AG_HS_CT","_Z","_Z","_Z","HA","_Z","_Z","_Z","2020","0.69201306","_Z","NUMBER","2","WB_AGCI","602","Survey year range: 2019–2020","Number of Households: 2408","0","A","PU","Annual","Malawi","Median Agricultural Household Cultivated Area","Not applicable","Not applicable","Not applicable","Hectares","Not Applicable","Not Applicable","Not Applicable","Not Applicable","Number (real number)","Two","AgriConnect Indicators","CCYY","Units","Normal value","Public"
"datastructure","WB.DATA360:DS_DATA360(1.3)","I","A","NER","AG_HS_CT","_Z","_Z","_Z","HA","_Z","_Z","_Z","2014","2.0","_Z","NUMBER","2","WB_AGCI","602","Survey year range: 2014","Number of Households: 3468","0","A","PU","Annual","Niger","Median Agricultural Household Cultivated Area","Not applicable","Not applicable","Not applicable","Hectares","Not Applicable","Not Applicable","Not Applicable","Not Applicable","Number (real number)","Two","AgriConnect Indicators","CCYY","Units","Normal value","Public"
"datastructure","WB.DATA360:DS_DATA360(1.3)","I","A","NGA","AG_HS_CT","_Z","_Z","_Z","HA","_Z","_Z","_Z","2024","0.40856772222025","_Z","NUMBER","2","WB_AGCI","602","Survey year range: 2023–2024","Number of Households: 3323","0","A","PU","Annual","Nigeria","Median Agricultural Household Cultivated Area","Not applicable","Not applicable","Not applicable","Hectares","Not Applicable","Not Applicable","Not Applicable","Not Applicable","Number (real number)","Two","AgriConnect Indicators","CCYY","Units","Normal value","Public"
"datastructure","WB.DATA360:DS_DATA360(1.3)","I","A","RWA","AG_HS_CT","_Z","_Z","_Z","HA","_Z","_Z","_Z","2022","0.0445856077550803","_Z","NUMBER","2","WB_AGCI","602","Survey year range: 2022","Number of Households: 16447","0","A","PU","Annual","Rwanda","Median Agricultural Household Cultivated Area","Not applicable","Not applicable","Not applicable","Hectares","Not Applicable","Not Applicable","Not Applicable","Not Applicable","Number (real number)","Two","AgriConnect Indicators","CCYY","Units","Normal value","Public"
"datastructure","WB.DATA360:DS_DATA360(1.3)","I","A","SDN","AG_HS_CT","_Z","_Z","_Z","HA","_Z","_Z","_Z","2022","2.5","_Z","NUMBER","2","WB_AGCI","602","Survey year range: 2022","Number of Households: 973","0","A","PU","Annual","Sudan","Median Agricultural Household Cultivated Area","Not applicable","Not applicable","Not applicable","Hectares","Not Applicable","Not Applicable","Not Applicable","Not Applicable","Number (real number)","Two","AgriConnect Indicators","CCYY","Units","Normal value","Public"
"datastructure","WB.DATA360:DS_DATA360(1.3)","I","A","SEN","AG_HS_CT","_Z","_Z","_Z","HA","_Z","_Z","_Z","2022","2.5","_Z","NUMBER","2","WB_AGCI","602","Survey year range: 2021–2022","Number of Households: 2643","0","A","PU","Annual","Senegal","Median Agricultural Household Cultivated Area","Not applicable","Not applicable","Not applicable","Hectares","Not Applicable","Not Applicable","Not Applicable","Not Applicable","Number (real number)","Two","AgriConnect Indicators","CCYY","Units","Normal value","Public"
"datastructure","WB.DATA360:DS_DATA360(1.3)","I","A","SLE","AG_HS_CT","_Z","_Z","_Z","HA","_Z","_Z","_Z","2023","1.5","_Z","NUMBER","2","WB_AGCI","602","Survey year range: 2023","Number of Households: 4996","0","A","PU","Annual","Sierra Leone","Median Agricultural Household Cultivated Area","Not applicable","Not applicable","Not applicable","Hectares","Not Applicable","Not Applicable","Not Applicable","Not Applicable","Number (real number)","Two","AgriConnect Indicators","CCYY","Units","Normal value","Public"
"datastructure","WB.DATA360:DS_DATA360(1.3)","I","A","SOM","AG_HS_CT","_Z","_Z","_Z","HA","_Z","_Z","_Z","2023","1.87332083059801","_Z","NUMBER","2","WB_AGCI","602","Survey year range: 2023","Number of Households: 1563","0","A","PU","Annual","Somalia, Federal Republic of","Median Agricultural Household Cultivated Area","Not applicable","Not applicable","Not applicable","Hectares","Not Applicable","Not Applicable","Not Applicable","Not Applicable","Number (real number)","Two","AgriConnect Indicators","CCYY","Units","Normal value","Public"
"datastructure","WB.DATA360:DS_DATA360(1.3)","I","A","SSD","AG_HS_CT","_Z","_Z","_Z","HA","_Z","_Z","_Z","2009","2.5","_Z","NUMBER","2","WB_AGCI","602","Survey year range: 2009","Number of Households: 2638","0","A","PU","Annual","South Sudan","Median Agricultural Household Cultivated Area","Not applicable","Not applicable","Not applicable","Hectares","Not Applicable","Not Applicable","Not Applicable","Not Applicable","Number (real number)","Two","AgriConnect Indicators","CCYY","Units","Normal value","Public"
"datastructure","WB.DATA360:DS_DATA360(1.3)","I","A","TCD","AG_HS_CT","_Z","_Z","_Z","HA","_Z","_Z","_Z","2010","1.75","_Z","NUMBER","2","WB_AGCI","602","Survey year range: 2010","Number of Households: 4381","0","A","PU","Annual","Chad","Median Agricultural Household Cultivated Area","Not applicable","Not applicable","Not applicable","Hectares","Not Applicable","Not Applicable","Not Applicable","Not Applicable","Number (real number)","Two","AgriConnect Indicators","CCYY","Units","Normal value","Public"
"datastructure","WB.DATA360:DS_DATA360(1.3)","I","A","TGO","AG_HS_CT","_Z","_Z","_Z","HA","_Z","_Z","_Z","2022","1.5","_Z","NUMBER","2","WB_AGCI","602","Survey year range: 2021–2022","Number of Households: 3771","0","A","PU","Annual","Togo","Median Agricultural Household Cultivated Area","Not applicable","Not applicable","Not applicable","Hectares","Not Applicable","Not Applicable","Not Applicable","Not Applicable","Number (real number)","Two","AgriConnect Indicators","CCYY","Units","Normal value","Public"
"datastructure","WB.DATA360:DS_DATA360(1.3)","I","A","TZA","AG_HS_CT","_Z","_Z","_Z","HA","_Z","_Z","_Z","2021","0.732435565974261","_Z","NUMBER","2","WB_AGCI","602","Survey year range: 2020–2021","Number of Households: 3311","0","A","PU","Annual","Tanzania","Median Agricultural Household Cultivated Area","Not applicable","Not applicable","Not applicable","Hectares","Not Applicable","Not Applicable","Not Applicable","Not Applicable","Number (real number)","Two","AgriConnect Indicators","CCYY","Units","Normal value","Public"
"datastructure","WB.DATA360:DS_DATA360(1.3)","I","A","UGA","AG_HS_CT","_Z","_Z","_Z","HA","_Z","_Z","_Z","2020","1.214058","_Z","NUMBER","2","WB_AGCI","602","Survey year range: 2019–2020","Number of Households: 2462","0","A","PU","Annual","Uganda","Median Agricultural Household Cultivated Area","Not applicable","Not applicable","Not applicable","Hectares","Not Applicable","Not Applicable","Not Applicable","Not Applicable","Number (real number)","Two","AgriConnect Indicators","CCYY","Units","Normal value","Public"
"datastructure","WB.DATA360:DS_DATA360(1.3)","I","A","ZWE","AG_HS_CT","_Z","_Z","_Z","HA","_Z","_Z","_Z","2021","2.0","_Z","NUMBER","2","WB_AGCI","602","Survey year range: 2021","Number of Households: 1185","0","A","PU","Annual","Zimbabwe","Median Agricultural Household Cultivated Area","Not applicable","Not applicable","Not applicable","Hectares","Not Applicable","Not Applicable","Not Applicable","Not Applicable","Number (real number)","Two","AgriConnect Indicators","CCYY","Units","Normal value","Public"
"datastructure","WB.DATA360:DS_DATA360(1.3)","I","A","_T","AG_IRG_CT","_Z","_Z","_Z","PT","_Z","_Z","_Z","2024","6.79266097004578","_Z","NUMBER","2","WB_AGCI","602","Survey year range: nan","Number of Households: 123476","0","A","PU","Annual","Overall","Percentage of Agricultural Households using Irrigation","Not applicable","Not applicable","Not applicable","Percentage","Not Applicable","Not Applicable","Not Applicable","Not Applicable","Number (real number)","Two","AgriConnect Indicators","CCYY","Units","Normal value","Public"
"datastructure","WB.DATA360:DS_DATA360(1.3)","I","A","BEN","AG_IRG_CT","_Z","_Z","_Z","PT","_Z","_Z","_Z","2024","4.45028436722116","_Z","NUMBER","2","WB_AGCI","602","Survey year range: 2021-22","Number of Households: 3687","0","A","PU","Annual","Benin","Percentage of Agricultural Households using Irrigation","Not applicable","Not applicable","Not applicable","Percentage","Not Applicable","Not Applicable","Not Applicable","Not Applicable","Number (real number)","Two","AgriConnect Indicators","CCYY","Units","Normal value","Public"
"datastructure","WB.DATA360:DS_DATA360(1.3)","I","A","BFA","AG_IRG_CT","_Z","_Z","_Z","PT","_Z","_Z","_Z","2019","4.69246850104526","_Z","NUMBER","2","WB_AGCI","602","Survey year range: 2018–2019","Number of Households: 4359","0","A","PU","Annual","Burkina Faso","Percentage of Agricultural Households using Irrigation","Not applicable","Not applicable","Not applicable","Percentage","Not Applicable","Not Applicable","Not Applicable","Not Applicable","Number (real number)","Two","AgriConnect Indicators","CCYY","Units","Normal value","Public"
"datastructure","WB.DATA360:DS_DATA360(1.3)","I","A","CAF","AG_IRG_CT","_Z","_Z","_Z","PT","_Z","_Z","_Z","2024","0.407740635956668","_Z","NUMBER","2","WB_AGCI","602","Survey year range: 2024","Number of Households: 3238","0","A","PU","Annual","Central African Republic","Percentage of Agricultural Households using Irrigation","Not applicable","Not applicable","Not applicable","Percentage","Not Applicable","Not Applicable","Not Applicable","Not Applicable","Number (real number)","Two","AgriConnect Indicators","CCYY","Units","Normal value","Public"
